{
  "f0": {
    "x1": 0.006041208771208791,
    "y1": 0.0038461538461538464,
    "x2": 0.14545054945054945,
    "y2": 0.153
  },
  "f1": {
    "x1": 0.14545054945054945,
    "y1": 0.0038461538461538464,
    "x2": 0.29010989010989013,
    "y2": 0.153
  },
  "f2": {
    "x1": 0.29010989010989013,
    "y1": 0.0038461538461538464,
    "x2": 0.4307692307692308,
    "y2": 0.153
  },
  "f3": {
    "x1": 0.4307692307692308,
    "y1": 0.0038461538461538464,
    "x2": 0.5714285714285714,
    "y2": 0.153
  },
  "stock": {
    "x1": 0.8637362637362638,
    "y1": 0.0038461538461538464,
    "x2": 0.9956043956043956,
    "y2": 0.153
  },
  "waste": {
    "x1": 0.7125934065934065,
    "y1": 0.0038461538461538464,
    "x2": 0.8549450549450549,
    "y2": 0.153
  },
  "t0": {
    "x1": 0.006041208771208791,
    "y1": 0.173,
    "x2": 0.14345054945054945,
    "y2": 0.9980769230769231
  },
  "t1": {
    "x1": 0.14345054945054945,
    "y1": 0.173,
    "x2": 0.28510989010989013,
    "y2": 0.9980769230769231
  },
  "t2": {
    "x1": 0.28510989010989013,
    "y1": 0.173,
    "x2": 0.4267692307692308,
    "y2": 0.9980769230769231
  },
  "t3": {
    "x1": 0.4267692307692308,
    "y1": 0.173,
    "x2": 0.5714285714285714,
    "y2": 0.9980769230769231
  },
  "t4": {
    "x1": 0.5714285714285714,
    "y1": 0.173,
    "x2": 0.7160879120879121,
    "y2": 0.9980769230769231
  },
  "t5": {
    "x1": 0.7160879120879121,
    "y1": 0.173,
    "x2": 0.8567472527472527,
    "y2": 0.9980769230769231
  },
  "t6": {
    "x1": 0.8567472527472527,
    "y1": 0.173,
    "x2": 1.0,
    "y2": 0.9980769230769231
  }
}


