{
  "f0": {
    "x1": 0.3749748547871908,
    "y1": 0.21142438252766926,
    "x2": 0.4079789956410726,
    "y2": 0.2962740862811053
  },
  "f1": {
    "x1": 0.4079789956410726,
    "y1": 0.21142438252766926,
    "x2": 0.4409831364949544,
    "y2": 0.2962740862811053
  },
  "f2": {
    "x1": 0.4409831364949544,
    "y1": 0.21142438252766926,
    "x2": 0.4739872773488363,
    "y2": 0.2962740862811053
  },
  "f3": {
    "x1": 0.4739872773488363,
    "y1": 0.21142438252766926,
    "x2": 0.5069914182027181,
    "y2": 0.2962740862811053
  },
  "t0": {
    "x1": 0.3749748547871908,
    "y1": 0.29950900607638886,
    "x2": 0.40777945745558963,
    "y2": 0.7481481481481481
  },
  "t1": {
    "x1": 0.40777945745558963,
    "y1": 0.29950900607638886,
    "x2": 0.44058406012398854,
    "y2": 0.7481481481481481
  },
  "t2": {
    "x1": 0.4405840601239886,
    "y1": 0.29950900607638886,
    "x2": 0.47338866279238745,
    "y2": 0.7481481481481481
  },
  "t3": {
    "x1": 0.47338866279238745,
    "y1": 0.29950900607638886,
    "x2": 0.5061932654607864,
    "y2": 0.7481481481481481
  },
  "t4": {
    "x1": 0.5061932654607864,
    "y1": 0.29950900607638886,
    "x2": 0.5389978681291853,
    "y2": 0.7481481481481481
  },
  "t5": {
    "x1": 0.5389978681291853,
    "y1": 0.29950900607638886,
    "x2": 0.5718024707975842,
    "y2": 0.7481481481481481
  },
  "t6": {
    "x1": 0.5718024707975842,
    "y1": 0.29950900607638886,
    "x2": 0.6046070734659831,
    "y2": 0.7481481481481481
  },
  "stock": {
    "x1": 0.572889773050944,
    "y1": 0.21360181172688802,
    "x2": 0.6046070734659831,
    "y2": 0.29756206936306423
  },
  "waste": {
    "x1": 0.5415225982666015,
    "y1": 0.21360181172688802,
    "x2": 0.5732398986816406,
    "y2": 0.29799711439344617
  }
}